4006381333931,Organic Apple Juice,3.49
4006381333948,Premium Coffee Beans,12.99
4006381333955,Dark Chocolate 70%,2.49
4006381333962,Whole Wheat Pasta,1.89
4006381333979,Extra Virgin Olive Oil,8.99
4006381333986,Green Tea 20 Bags,3.29
4006381333993,Almond Milk 1L,2.79
4006381334006,Strawberry Jam,3.59
4006381334013,Tomato Sauce,2.19
4006381334020,Basmati Rice 1kg,4.99
4006381334037,Peanut Butter Creamy,4.49
4006381334044,Orange Juice 1L,2.99
4006381334051,Oatmeal 500g,1.79
4006381334068,Honey 500g,5.49
4006381334075,Sea Salt 1kg,1.29
4006381334082,Coconut Water 1L,3.19
4006381334099,Blueberry Yogurt,1.49
4006381334105,Granola 400g,4.29
4006381334112,Red Lentils 500g,2.39
4006381334129,Italian Herb Mix,2.89